{"stats":{"minecraft:crafted":{"minecraft:stone_axe":1,"minecraft:crafting_table":1,"minecraft:spruce_planks":12,"minecraft:stick":8,"minecraft:wooden_pickaxe":1,"minecraft:stone_pickaxe":1},"minecraft:dropped":{"minecraft:wooden_pickaxe":1},"minecraft:custom":{"minecraft:time_since_rest":5519,"minecraft:crouch_one_cm":1562,"minecraft:play_time":5519,"minecraft:sprint_one_cm":20017,"minecraft:damage_taken":30,"minecraft:walk_one_cm":5360,"minecraft:sneak_time":504,"minecraft:walk_under_water_one_cm":110,"minecraft:mob_kills":6,"minecraft:drop":1,"minecraft:jump":169,"minecraft:damage_dealt":580,"minecraft:leave_game":1,"minecraft:walk_on_water_one_cm":718,"minecraft:time_since_death":5519,"minecraft:total_world_time":5519,"minecraft:interact_with_crafting_table":5,"minecraft:fall_one_cm":5153,"minecraft:fly_one_cm":41751},"minecraft:mined":{"minecraft:grass":1,"minecraft:grass_block":1,"minecraft:spruce_log":3,"minecraft:stone":11,"minecraft:crafting_table":1},"minecraft:used":{"minecraft:stone_axe":11,"minecraft:crafting_table":1,"minecraft:stone_pickaxe":6,"minecraft:wooden_pickaxe":5},"minecraft:killed":{"minecraft:sheep":1,"minecraft:pig":4,"minecraft:cow":1},"minecraft:picked_up":{"minecraft:crafting_table":1,"minecraft:leather":1,"minecraft:beef":2,"minecraft:porkchop":6,"minecraft:spruce_log":3,"minecraft:dirt":1,"minecraft:mutton":2,"minecraft:white_wool":1,"minecraft:cobblestone":11}},"DataVersion":3465}